r,arts_entertainment,food,nightlife,outdoors_recreation,value
1,0.869999999999998,0.249999999999973,0.989999999999982,0.620000000000012,503.329545454545
