r,tourism,leisure,historic,natural,sport,venue_count,area,value
1,0.379999999999996,0.0899999999999962,0.799999999999999,0.149999999999998,0.33,0.0800000000000009,0.820000000000005,508.375
